<?xml version="1.0" encoding="utf-8"?>
<ApplicationInstallerManifest>
   <DefaultInstallationDirectory>/Applications/Tsinghua_University/KymoViewer/</DefaultInstallationDirectory>
   <ApplicationName>KymoViewer</ApplicationName>
   <ExecutableName>application/KymoViewer.exe</ExecutableName>
   <GUID>99164b75-8771-4aa3-81c5-2e2f7364dd01</GUID>
   <ApplicationIcon>default_icon_48.png</ApplicationIcon>
   <Logo>default_logo.png</Logo>
   <Version>1.0</Version>
   <InstallationNotes>In the following directions, replace MR/v98 by the directory on the target machine where MATLAB is installed, or MR by the directory where the MATLAB Runtime is installed.

If the environment variable DYLD_LIBRARY_PATH is undefined, set it to the following string:

MR/v98/runtime/maci64:MR/v98/sys/os/maci64:MR/v98/bin/maci64

If it is defined, set it to the following:

${DYLD_LIBRARY_PATH}:MR/v98/runtime/maci64:MR/v98/sys/os/maci64:MR/v98/bin/maci64
</InstallationNotes>
   <AuthorOrganization>Tsinghua University</AuthorOrganization>
   <Summary>Version 1.0</Summary>
   <WelcomePanelText>KymoViewer 1.0
Version 1.0

This is a kymograph viewer for HDF5 data format.

Shuai Xu
helloxushuai@163.com</WelcomePanelText>
   <MCRProducts>
      <MCRProduct>
         <ExternalProductIdentifier>35000</ExternalProductIdentifier>
      </MCRProduct>
      <MCRProduct>
         <ExternalProductIdentifier>35010</ExternalProductIdentifier>
      </MCRProduct>
   </MCRProducts>
</ApplicationInstallerManifest>