<?xml version="1.0" encoding="utf-8"?>
<productAdditionalComps>
   <dependsOn>
      <component>
         <name>KymoViewer</name>
         <locale/>
         <platformList>
            <platform>maci64</platform>
         </platformList>
         <version>1.0</version>
      </component>
   </dependsOn>
   <isControllingProduct>true</isControllingProduct>
   <platform>maci64</platform>
   <productName>KymoViewer</productName>
   <productNumber>5000</productNumber>
   <productBaseCode>KymoViewer</productBaseCode>
   <productVersion>1.0</productVersion>
   <releaseFamily>R2020a</releaseFamily>
   <releaseDescription>R2020a</releaseDescription>
</productAdditionalComps>